{
    "accuracy": 0.8367879625364655,
    "precision": 0.853146737191897,
    "recall": 0.8367879625364655,
    "f1_score": 0.8422428693977839,
    "roc_auc": 0.912746570656915
}
